{
    "pais": [
        {
            "id": 0,
            "pais": "R\u00fassia \ud83c\uddf7\ud83c\uddfa"
        },
        {
            "id": 1,
            "pais": "Ucr\u00e2nia \ud83c\uddfa\ud83c\udde6"
        },
        {
            "id": 2,
            "pais": "Cazaquist\u00e3o \ud83c\uddf0\ud83c\uddff"
        },
        {
            "id": 3,
            "pais": "China \ud83c\udde8\ud83c\uddf3"
        },
        {
            "id": 4,
            "pais": "Filipinas \ud83c\uddf5\ud83c\udded"
        },
        {
            "id": 5,
            "pais": "Myanmar \ud83c\uddf2\ud83c\uddf2"
        },
        {
            "id": 6,
            "pais": "Indon\u00e9sia \ud83c\uddee\ud83c\udde9"
        },
        {
            "id": 7,
            "pais": "Mal\u00e1sia \ud83c\uddf2\ud83c\uddfe"
        },
        {
            "id": 8,
            "pais": "Qu\u00eania \ud83c\uddf0\ud83c\uddea"
        },
        {
            "id": 9,
            "pais": "Tanz\u00e2nia \ud83c\uddf9\ud83c\uddff"
        },
        {
            "id": 10,
            "pais": "Vietn\u00e3 \ud83c\uddfb\ud83c\uddf3"
        },
        {
            "id": 11,
            "pais": "Quirguist\u00e3o \ud83c\uddf0\ud83c\uddec"
        },
        {
            "id": 12,
            "pais": "EUA \ud83c\uddfa\ud83c\uddf8"
        },
        {
            "id": 13,
            "pais": "Israel \ud83c\uddee\ud83c\uddf1"
        },
        {
            "id": 14,
            "pais": "Hong Kong \ud83c\udded\ud83c\uddf0"
        },
        {
            "id": 15,
            "pais": "Pol\u00f4nia \ud83c\uddf5\ud83c\uddf1"
        },
        {
            "id": 16,
            "pais": "Inglaterra \ud83c\udff4\udb40\udc67\udb40\udc62\udb40\udc65\udb40\udc6e\udb40\udc67\udb40\udc7f"
        },
        {
            "id": 17,
            "pais": "Madagascar \ud83c\uddf2\ud83c\uddec"
        },
        {
            "id": 18,
            "pais": "Rep\u00fablica Democr\u00e1tica \ud83c\udde8\ud83c\udde9"
        },
        {
            "id": 19,
            "pais": "Nig\u00e9ria \ud83c\uddf3\ud83c\uddec"
        },
        {
            "id": 20,
            "pais": "Macau \ud83c\uddf2\ud83c\uddf4"
        },
        {
            "id": 21,
            "pais": "Egito \ud83c\uddea\ud83c\uddec"
        },
        {
            "id": 22,
            "pais": "\u00cdndia \ud83c\uddee\ud83c\uddf3"
        },
        {
            "id": 23,
            "pais": "Irlanda \ud83c\uddee\ud83c\uddea"
        },
        {
            "id": 24,
            "pais": "Camboja \ud83c\uddf0\ud83c\udded"
        },
        {
            "id": 25,
            "pais": "Laos \ud83c\uddf1\ud83c\udde6"
        },
        {
            "id": 26,
            "pais": "Haiti \ud83c\udded\ud83c\uddf9"
        },
        {
            "id": 27,
            "pais": "Costa do Marfim \ud83c\udde8\ud83c\uddee"
        },
        {
            "id": 28,
            "pais": "G\u00e2mbia \ud83c\uddec\ud83c\uddf2"
        },
        {
            "id": 29,
            "pais": "S\u00e9rvia \ud83c\uddf7\ud83c\uddf8"
        },
        {
            "id": 30,
            "pais": "I\u00eamen \ud83c\uddfe\ud83c\uddea"
        },
        {
            "id": 31,
            "pais": "\u00c1frica do Sul \ud83c\uddff\ud83c\udde6"
        },
        {
            "id": 32,
            "pais": "Rom\u00eania \ud83c\uddf7\ud83c\uddf4"
        },
        {
            "id": 33,
            "pais": "Col\u00f4mbia \ud83c\udde8\ud83c\uddf4"
        },
        {
            "id": 34,
            "pais": "Est\u00f4nia \ud83c\uddea\ud83c\uddea"
        },
        {
            "id": 35,
            "pais": "Azerbaij\u00e3o \ud83c\udde6\ud83c\uddff"
        },
        {
            "id": 36,
            "pais": "Canad\u00e1 \ud83c\udde8\ud83c\udde6"
        },
        {
            "id": 37,
            "pais": "Marrocos \ud83c\uddf2\ud83c\udde6"
        },
        {
            "id": 38,
            "pais": "Gana \ud83c\uddec\ud83c\udded"
        },
        {
            "id": 39,
            "pais": "Argentina \ud83c\udde6\ud83c\uddf7"
        },
        {
            "id": 40,
            "pais": "Uzbequist\u00e3o \ud83c\uddfa\ud83c\uddff"
        },
        {
            "id": 41,
            "pais": "Camar\u00f5es \ud83c\udde8\ud83c\uddf2"
        },
        {
            "id": 42,
            "pais": "Chade \ud83c\uddf9\ud83c\udde9"
        },
        {
            "id": 43,
            "pais": "Alemanha \ud83c\udde9\ud83c\uddea"
        },
        {
            "id": 44,
            "pais": "Litu\u00e2nia \ud83c\uddf1\ud83c\uddf9"
        },
        {
            "id": 45,
            "pais": "Cro\u00e1cia \ud83c\udded\ud83c\uddf7"
        },
        {
            "id": 46,
            "pais": "Su\u00e9cia \ud83c\uddf8\ud83c\uddea"
        },
        {
            "id": 47,
            "pais": "Iraque \ud83c\uddee\ud83c\uddf6"
        },
        {
            "id": 48,
            "pais": "Pa\u00edses Baixos \ud83c\uddf3\ud83c\uddf1"
        },
        {
            "id": 49,
            "pais": "Let\u00f4nia \ud83c\uddf1\ud83c\uddfb"
        },
        {
            "id": 50,
            "pais": "\u00c1ustria \ud83c\udde6\ud83c\uddf9"
        },
        {
            "id": 51,
            "pais": "Bielorr\u00fassia \ud83c\udde7\ud83c\uddfe"
        },
        {
            "id": 52,
            "pais": "Tail\u00e2ndia \ud83c\uddf9\ud83c\udded"
        },
        {
            "id": 53,
            "pais": "Ar\u00e1bia Saudita \ud83c\uddf8\ud83c\udde6"
        },
        {
            "id": 54,
            "pais": "M\u00e9xico \ud83c\uddf2\ud83c\uddfd"
        },
        {
            "id": 55,
            "pais": "Taiwan \ud83c\uddf9\ud83c\uddfc"
        },
        {
            "id": 56,
            "pais": "Espanha \ud83c\uddea\ud83c\uddf8"
        },
        {
            "id": 57,
            "pais": "Ir\u00e3 \ud83c\uddee\ud83c\uddf7"
        },
        {
            "id": 58,
            "pais": "Arg\u00e9lia \ud83c\udde9\ud83c\uddff"
        },
        {
            "id": 59,
            "pais": "Eslov\u00eania \ud83c\uddf8\ud83c\uddee"
        },
        {
            "id": 60,
            "pais": "Bangladesh \ud83c\udde7\ud83c\udde9"
        },
        {
            "id": 61,
            "pais": "Senegal \ud83c\uddf8\ud83c\uddf3"
        },
        {
            "id": 62,
            "pais": "Turquia \ud83c\uddf9\ud83c\uddf7"
        },
        {
            "id": 63,
            "pais": "Rep\u00fablica Tcheca \ud83c\udde8\ud83c\uddff"
        },
        {
            "id": 64,
            "pais": "Sri Lanka \ud83c\uddf1\ud83c\uddf0"
        },
        {
            "id": 65,
            "pais": "Peru \ud83c\uddf5\ud83c\uddea"
        },
        {
            "id": 66,
            "pais": "Paquist\u00e3o \ud83c\uddf5\ud83c\uddf0"
        },
        {
            "id": 67,
            "pais": "Nova Zel\u00e2ndia \ud83c\uddf3\ud83c\uddff"
        },
        {
            "id": 68,
            "pais": "Guin\u00e9 \ud83c\uddec\ud83c\uddf3"
        },
        {
            "id": 69,
            "pais": "Mali \ud83c\uddf2\ud83c\uddf1"
        },
        {
            "id": 70,
            "pais": "Venezuela \ud83c\uddfb\ud83c\uddea"
        },
        {
            "id": 71,
            "pais": "Eti\u00f3pia \ud83c\uddea\ud83c\uddf9"
        },
        {
            "id": 72,
            "pais": "Mong\u00f3lia \ud83c\uddf2\ud83c\uddf3"
        },
        {
            "id": 73,
            "pais": "Brasil \ud83c\udde7\ud83c\uddf7"
        },
        {
            "id": 74,
            "pais": "Afeganist\u00e3o \ud83c\udde6\ud83c\uddeb"
        },
        {
            "id": 75,
            "pais": "Uganda \ud83c\uddfa\ud83c\uddec"
        },
        {
            "id": 76,
            "pais": "Angola \ud83c\udde6\ud83c\uddf4"
        },
        {
            "id": 77,
            "pais": "Chipre \ud83c\udde8\ud83c\uddfe"
        },
        {
            "id": 78,
            "pais": "Fran\u00e7a \ud83c\uddeb\ud83c\uddf7"
        },
        {
            "id": 79,
            "pais": "Papua-Nova Guin\u00e9 \ud83c\uddf5\ud83c\uddec"
        },
        {
            "id": 80,
            "pais": "Mo\u00e7ambique \ud83c\uddf2\ud83c\uddff"
        }
    ]
}