{
    "maintance": "off",
    "id_dono": ,
    "user_bot": "",
    "api-bot": "6408471514:AAGJSTFhmzzxs1E1SHbBnZWwF1FLRtyJRiw",
    "token_mp": "SEU TOKEN MERCADO PAGO",
    "vencimento_bot": "01/07/2025",
    "link_suporte": "https://t.me/",
    "status_pix_manu": "on",
    "status_pix_auto": "off",
    "status-pix-gn": true,
    "status-pix-mp": false,
    "bonus_registro": 0.0,
    "bonus_pix": 0,
    "bonus_pix_min": 0,
    "min_pix": 1.0,
    "max_pix": 999.0,
    "expiracao_pix": 20,
    "afiliados": "off",
    "pontos_by_indicate_buy": 500,
    "min_points_saldo": 500,
    "multiplicador_pontos": 0.1,
    "porcentagem-lucro": 200,
    "api-sms": "6408471514:AAGJSTFhmzzxs1E1SHbBnZWwF1FLRtyJRiw",
    "foto-menu": "https://telegra.ph/file/.jpg"
}