{
    "gift": [
        {
            "codigo": "NKJPMXHPG",
            "valor": 1.0
        },
        {
            "codigo": "R6PD0Q6IB",
            "valor": 1.0
        },
        {
            "codigo": "H7PHELGMN",
            "valor": 1.0
        },
        {
            "codigo": "G6L07MMBR",
            "valor": 1.0
        },
        {
            "codigo": "C0V7SX0YM",
            "valor": 1.0
        },
        {
            "codigo": "6VH0ZDGHF",
            "valor": 1.0
        },
        {
            "codigo": "IW85LDR45",
            "valor": 1.0
        },
        {
            "codigo": "6JUXNTL5A",
            "valor": 1.0
        },
        {
            "codigo": "7C948KNQJ",
            "valor": 1.0
        },
        {
            "codigo": "NVRPZ61B1",
            "valor": 1.0
        },
        {
            "codigo": "7YDBK64J7",
            "valor": 1.0
        }
    ]
}