{
    "users": [
        {
            "id": 1877819004,
            "banned": "False",
            "afiliado_por": 0,
            "saldo": 0,
            "gift_redeemed": [],
            "total_compras": 0,
            "compras": [],
            "total_pagos": 0,
            "pagamentos": [],
            "pontos_indicado": 0,
            "afiliacoes": 0,
            "afiliados": [],
            "pais-atual": "73",
            "alertas": [],
            "pix_gerados": 0
        },
        {
            "id": 6383639234,
            "banned": "False",
            "afiliado_por": 0,
            "saldo": 10.0,
            "gift_redeemed": [
                {
                    "valor": 10.0,
                    "data": "05/01/2024 as 20:40:46"
                }
            ],
            "total_compras": 0,
            "compras": [],
            "total_pagos": 0,
            "pagamentos": [],
            "pontos_indicado": 0,
            "afiliacoes": 0,
            "afiliados": [],
            "pais-atual": "73",
            "alertas": [],
            "pix_gerados": 0
        }
    ]
}